{"cameraMode":{"drawMode":0,"name":"Shaded","section":"Shading Mode"},"sceneLighting":false,"audioPlay":false,"sceneViewState":{"m_AlwaysRefresh":false,"showFog":true,"showSkybox":false,"showFlares":true,"showImageEffects":true,"showParticleSystems":true,"showVisualEffectGraphs":true,"m_FxEnabled":true},"in2DMode":false,"pivot":{"x":175.47618103027345,"y":2.042840003967285,"z":-3.410163164138794},"rotation":{"x":0.11960577964782715,"y":-0.857608437538147,"z":0.23126551508903504,"w":0.44353675842285159},"size":0.13914424180984498,"orthographic":false}